scenario,controller,backoff,ss_feasible,horizon,model,settling_time_h,iae,total_production_bbl,final_rate,final_choke,total_move,soft_steps,viol_true,viol_measured,min_bhp_true,min_bhp_measured,viol_true_maxdepth,settled_frac
A,"MPC h=12, saturating",default,False,12,saturating,26.2,340.00734531468754,17787.376090008875,120.0158204262193,43.85000000000001,65.6,0.0,0.0,0.0,3040.8070724206345,3031.6614460500596,0.0,1.0
A,"MPC h=12, saturating",default,True,12,saturating,26.2,340.00734531468754,17787.376090008875,120.0158204262193,43.85000000000001,65.6,0.0,0.0,0.0,3040.8070724206345,3031.6614460500596,0.0,1.0
A,"MPC h=12, saturating",zero,False,12,saturating,26.2,340.00734531468754,17787.376090008875,120.0158204262193,43.85000000000001,65.6,0.0,0.0,0.0,3040.8070724206345,3031.6614460500596,0.0,1.0
A,"MPC h=12, saturating",zero,True,12,saturating,26.2,340.00734531468754,17787.376090008875,120.0158204262193,43.85000000000001,65.6,0.0,0.0,0.0,3040.8070724206345,3031.6614460500596,0.0,1.0
A,"one-step h=1, saturating",default,False,1,saturating,18.2,362.2069666202722,17815.305308239713,120.28551017746959,44.04,57.0,0.0,0.0,0.0,3041.577891108907,3030.945463078743,0.0,1.0
A,"one-step h=1, saturating",default,True,1,saturating,18.2,362.2069666202722,17815.305308239713,120.28551017746959,44.04,57.0,0.0,0.0,0.0,3041.577891108907,3030.945463078743,0.0,1.0
A,"one-step h=1, saturating",zero,False,1,saturating,18.2,362.2069666202722,17815.305308239713,120.28551017746959,44.04,57.0,0.0,0.0,0.0,3041.577891108907,3030.945463078743,0.0,1.0
A,"one-step h=1, saturating",zero,True,1,saturating,18.2,362.2069666202722,17815.305308239713,120.28551017746959,44.04,57.0,0.0,0.0,0.0,3041.577891108907,3030.945463078743,0.0,1.0
A,"MPC h=12, linear",default,False,12,linear,26.4,341.5149167892606,17792.625695470146,119.99866255865307,43.85,67.0,0.0,0.0,0.0,3040.8821619925448,3031.5931348026406,0.0,1.0
A,"MPC h=12, linear",default,True,12,linear,26.4,341.5149167892606,17792.625695470146,119.99866255865307,43.85,67.0,0.0,0.0,0.0,3040.8821619925448,3031.5931348026406,0.0,1.0
A,"MPC h=12, linear",zero,False,12,linear,26.4,341.5149167892606,17792.625695470146,119.99866255865307,43.85,67.0,0.0,0.0,0.0,3040.8821619925448,3031.5931348026406,0.0,1.0
A,"MPC h=12, linear",zero,True,12,linear,26.4,341.5149167892606,17792.625695470146,119.99866255865307,43.85,67.0,0.0,0.0,0.0,3040.8821619925448,3031.5931348026406,0.0,1.0
A,"naive h=1, linear",default,False,1,linear,18.4,364.2894283858558,17822.1497496896,120.27925804571355,44.03,57.8,0.0,0.0,0.0,3041.6552869237944,3030.191108414593,0.0,1.0
A,"naive h=1, linear",default,True,1,linear,18.4,364.2894283858558,17822.1497496896,120.27925804571355,44.03,57.8,0.0,0.0,0.0,3041.6552869237944,3030.191108414593,0.0,1.0
A,"naive h=1, linear",zero,False,1,linear,18.4,364.2894283858558,17822.1497496896,120.27925804571355,44.03,57.8,0.0,0.0,0.0,3041.6552869237944,3030.191108414593,0.0,1.0
A,"naive h=1, linear",zero,True,1,linear,18.4,364.2894283858558,17822.1497496896,120.27925804571355,44.03,57.8,0.0,0.0,0.0,3041.6552869237944,3030.191108414593,0.0,1.0
A,PI on oil rate,n/a,False,0,none,40.0,562.052548971056,17507.39021076077,120.05011061723128,43.928477996034204,77.49259364868801,0.0,0.0,0.0,3041.8143685925534,3031.3000015560588,0.0,1.0
B,"MPC h=12, saturating",default,False,12,saturating,11.4,357.8689535968782,24762.117753238697,149.63410021190413,60.760000000000026,78.2,0.0,0.0,0.0,2904.71813617855,2895.3791738224295,0.0,1.0
B,"MPC h=12, saturating",default,True,12,saturating,11.0,368.2218109357184,24741.38502088643,149.63410017755447,60.760000000000026,67.8,0.0,0.0,0.0,2904.7832160293337,2895.4393958185747,0.0,1.0
B,"MPC h=12, saturating",zero,False,12,saturating,11.4,357.8689535968782,24762.117753238697,149.63410021190413,60.760000000000026,78.2,0.0,0.0,0.0,2904.71813617855,2895.3791738224295,0.0,1.0
B,"MPC h=12, saturating",zero,True,12,saturating,11.8,363.10243502046796,24752.366439518388,149.63410018058158,60.760000000000026,70.6,0.0,0.0,0.0,2904.7397267319707,2895.4136948698756,0.0,1.0
B,"one-step h=1, saturating",default,False,1,saturating,20.4,419.1348581388491,24782.03752790662,149.78385362267673,60.72000000000001,63.8,0.0,0.0,0.0,2904.8804299839344,2894.7160983059352,0.0,1.0
B,"one-step h=1, saturating",default,True,1,saturating,20.8,401.79095251188465,24743.041185419395,149.78389725601602,60.72000000000001,48.60000000000001,0.0,0.0,0.0,2904.7826822028146,2894.5228830572587,0.0,1.0
B,"one-step h=1, saturating",zero,False,1,saturating,20.4,419.1348581388491,24782.03752790662,149.78385362267673,60.72000000000001,63.8,0.0,0.0,0.0,2904.8804299839344,2894.7160983059352,0.0,1.0
B,"one-step h=1, saturating",zero,True,1,saturating,20.6,398.67793616381476,24754.62479393774,149.78385107291206,60.72000000000001,51.80000000000001,0.0,0.0,0.0,2904.937354114144,2894.824631142987,0.0,1.0
B,"MPC h=12, linear",default,False,12,linear,13.6,358.4634803855557,24768.34015346209,149.60847736901343,60.72000000000003,76.4,0.0,0.0,0.0,2904.7871192262987,2895.1051485617413,0.0,1.0
B,"MPC h=12, linear",default,True,12,linear,11.2,371.60814588983266,24742.105828086293,149.60847736303757,60.72000000000003,64.0,0.0,0.0,0.0,2904.857885431525,2895.1925509268376,0.0,1.0
B,"MPC h=12, linear",zero,False,12,linear,13.6,358.4634803855557,24768.34015346209,149.60847736901343,60.72000000000003,76.4,0.0,0.0,0.0,2904.7871192262987,2895.1051485617413,0.0,1.0
B,"MPC h=12, linear",zero,True,12,linear,12.4,366.4863454956753,24753.512066166462,149.60847735811475,60.72000000000003,68.0,0.0,0.0,0.0,2904.8083056804016,2895.159820770845,0.0,1.0
B,"naive h=1, linear",default,False,1,linear,19.6,394.23830991642933,24787.06970601742,149.7211098284687,60.75000000000002,61.6,0.0,0.0,0.0,2905.0905533413775,2895.266796331193,0.0,1.0
B,"naive h=1, linear",default,True,1,linear,18.4,393.3710506705159,24736.845026797637,149.72127910487296,60.75000000000002,45.60000000000001,0.0,0.0,0.0,2904.7092103111363,2894.8421773996597,0.0,1.0
B,"naive h=1, linear",zero,False,1,linear,19.6,394.23830991642933,24787.06970601742,149.7211098284687,60.75000000000002,61.6,0.0,0.0,0.0,2905.0905533413775,2895.266796331193,0.0,1.0
B,"naive h=1, linear",zero,True,1,linear,19.6,380.81473176251285,24748.181753583485,149.72123033268034,60.75000000000002,47.60000000000001,0.0,0.0,0.0,2905.112580082783,2895.0731272765033,0.0,1.0
B,PI on oil rate,n/a,False,0,none,28.0,582.665397123036,24465.08859400518,149.65449801225682,60.74779216165764,97.85486092894163,0.0,0.0,0.0,2906.0181501370525,2896.783734469446,0.0,1.0
C,"MPC h=12, saturating",default,False,12,saturating,,8169.661037530712,31830.33896246929,160.3604519389897,67.30999999999999,356.4,0.0,0.2,1.6,2853.1417698139203,2849.1798529275197,0.007980260793647175,0.0
C,"MPC h=12, saturating",default,True,12,saturating,,8713.160029430404,31286.839970569592,158.77786869227506,66.3,62.8,0.0,0.0,0.0,2864.416273029205,2854.8833288855844,0.0,0.0
C,"MPC h=12, saturating",zero,False,12,saturating,,7536.434679851858,32463.565320148144,163.64924691021824,69.42999999999999,364.8,0.0,138.4,130.4,2838.57583454862,2834.581941967407,11.42416545137994,0.0
C,"MPC h=12, saturating",zero,True,12,saturating,,8093.771866274151,31906.228133725854,162.0867818159199,68.37,64.8,0.0,21.2,33.4,2849.6913898336757,2839.834674470664,0.48694978743906175,0.0
C,"one-step h=1, saturating",default,False,1,saturating,,7622.2654559774255,32377.734544022573,162.94690571316855,68.81,453.2,8.2,103.0,94.6,2841.2017481332086,2838.7668421629596,8.79825186679118,0.0
C,"one-step h=1, saturating",default,True,1,saturating,,8733.806463727567,31266.193536272436,158.65449769508058,66.22,78.8,0.0,0.0,0.0,2864.423204044774,2856.3664831305446,0.0,0.0
C,"one-step h=1, saturating",zero,False,1,saturating,,7619.106486322742,32380.893513677256,162.9473009795608,68.81,458.0,8.2,103.8,95.0,2841.206894649819,2838.768772971264,8.793105350181396,0.0
C,"one-step h=1, saturating",zero,True,1,saturating,,8112.552671030685,31887.447328969312,161.98922148578384,68.3,78.4,0.0,18.0,28.0,2849.72400632451,2841.323364170562,0.46019993392201286,0.0
C,"MPC h=12, linear",default,False,12,linear,,8150.508693025113,31849.49130697489,160.4400613315692,67.36999999999999,334.0,0.0,1.2,1.8,2852.3934186437573,2848.269301858516,0.5580746795532832,0.0
C,"MPC h=12, linear",default,True,12,linear,,8751.112222032845,31248.887777967157,158.62890921940237,66.22999999999999,61.2,0.0,0.0,0.0,2864.95775044634,2854.491800298587,0.0,0.0
C,"MPC h=12, linear",zero,False,12,linear,,7514.029860324876,32485.970139675122,163.67376005453698,69.42999999999999,332.8,0.0,148.4,137.6,2838.65759995268,2832.7009274132834,11.342400047320462,0.0
C,"MPC h=12, linear",zero,True,12,linear,,8141.564261033532,31858.43573896647,161.94282011488912,68.32000000000001,60.0,0.0,8.6,30.6,2850.078928720564,2839.8390281002767,0.23281124024042582,0.0
C,"naive h=1, linear",default,False,1,linear,,7624.5915776894935,32375.408422310506,162.94224301114863,68.81,399.0,5.4,104.8,95.6,2841.1501764141403,2837.876369100754,8.849823585859486,0.0
C,"naive h=1, linear",default,True,1,linear,,8771.33536872151,31228.664631278487,158.50401781031474,66.15,72.8,0.0,0.0,0.0,2864.960946030803,2856.1417176226264,0.0,0.0
C,"naive h=1, linear",zero,False,1,linear,,7619.0336291404265,32380.966370859573,162.9417740608309,68.81,405.4,6.6,105.0,96.6,2841.07118963584,2837.7960225717934,8.928810364159654,0.0
C,"naive h=1, linear",zero,True,1,linear,,8158.45724887024,31841.542751129764,161.82503812861597,68.22999999999999,72.8,0.0,8.4,26.4,2850.0821026696567,2841.2407720557107,0.22963729114753734,0.0
C,PI on oil rate,n/a,False,0,none,36.2,1465.5615944400647,38604.68303167091,199.87966220926225,94.68621199765697,132.1217912092107,0.0,179.0,180.0,2676.3155136541923,2666.1027992843833,173.68448634580756,1.0
