scenario,controller,horizon,horizon_over_tau,ss_feasible,viol_true,viol_measured,peak_choke,total_move,final_rate,min_bhp_true,settling_time_h,iae,total_production_bbl,ms_per_step,n_candidates
A,h=1,1,0.08102283223412357,False,0.0,0.0,57.4,57.0,120.28551017746959,3041.577891108907,18.2,362.2069666202722,17815.305308239713,0.0716999638825655,1331
A,h=6,6,0.4861369934047415,False,0.0,0.0,55.6,63.0,120.04982620348343,3040.9623556543856,26.6,334.6513860486938,17787.648092205818,0.4838999593630433,1331
A,h=12,12,0.972273986809483,False,0.0,0.0,55.2,65.6,120.0158204262193,3040.8070724206345,26.2,340.00734531468754,17787.376090008875,0.9130000253207982,1331
A,h=18,18,1.4584109802142244,False,0.0,0.0,55.2,68.4,120.0127243738826,3040.5470117882487,26.2,345.59907058137514,17790.592954619737,1.2698000064119697,1331
A,h=24,24,1.944547973618966,False,0.0,0.0,55.2,70.6,120.01581299115082,3040.547614472824,26.2,345.44539224580444,17791.029820217253,1.6496499883942306,1331
A,h=36,36,2.916821960428449,False,0.0,0.0,55.2,70.6,120.03405230592182,3040.331888990902,26.4,344.3092517404056,17793.64136786762,2.9120499966666102,1331
A,h=48,48,3.889095947237932,False,0.0,0.0,55.2,71.4,120.04812047394687,3040.409737036593,26.4,343.5174616389334,17793.614397896767,3.713749989401549,1331
A,h=60,60,4.861369934047414,False,0.0,0.0,55.2,71.8,120.04807838386469,3040.6231858788988,26.2,343.52136345099973,17792.473231050237,4.642999963834882,1331
A,h=12 + SS-feasible,12,0.972273986809483,True,0.0,0.0,55.2,65.6,120.0158204262193,3040.8070724206345,26.2,340.00734531468754,17787.376090008875,1.1832999880425632,1331
C,h=1,1,0.08102283223412357,False,103.0,94.6,99.2,453.2,162.94690571316855,2841.2017481332086,,7622.2654559774255,32377.734544022573,0.08279993198812008,1331
C,h=6,6,0.4861369934047415,False,89.8,82.0,88.4,353.8,162.90631821874794,2841.694957315479,,7686.491861882068,32313.508138117926,0.4766499623656273,1331
C,h=12,12,0.972273986809483,False,0.2,1.6,85.4,356.4,160.3604519389897,2853.1417698139203,,8169.661037530712,31830.33896246929,0.8983999723568559,1331
C,h=18,18,1.4584109802142244,False,0.0,0.2,83.2,410.4,160.0363081582148,2855.42757443236,,8241.615974096498,31758.3840259035,1.275049988180399,1331
C,h=24,24,1.944547973618966,False,0.0,0.0,80.2,405.4,160.08337431111877,2854.6180446087246,,8256.725839685858,31743.27416031414,1.6521000070497394,1331
C,h=36,36,2.916821960428449,False,0.0,0.4,78.2,375.4,160.2247848770151,2854.6420575014176,,8239.266479420161,31760.733520579837,2.3659500293433666,1331
C,h=48,48,3.889095947237932,False,0.4,0.6,78.2,364.8,160.27560988896113,2853.40668936877,,8227.670159835701,31772.3298401643,3.8312499527819455,1331
C,h=60,60,4.861369934047414,False,0.0,0.4,78.0,374.8,160.2503636763493,2853.785785035121,,8229.834042171391,31770.165957828613,4.6033000107854605,1331
C,h=12 + SS-feasible,12,0.972273986809483,True,0.0,0.0,68.2,62.8,158.77786869227506,2864.416273029205,,8713.160029430404,31286.839970569592,1.1843499378301203,1331
