limit_WHP,limit_FLP,limit_BHP,binds_first,binding_choke,max_safe_rate,backoff_choke,backoff_rate,choke_WHP,choke_FLP,choke_BHP,scenario,target,target_feasible,target_binding,n_seeds,samples,viol_true,viol_meas,viol_true_maxdepth,min_bhp_true,worst_margin,worst_margin_output,final_rate,soft_steps,swept,value
200.0,145.0,2800.0,BHP,76.16634368896484,173.9776303233985,72.01213836669922,167.71355693786796,77.1578460931778,78.24618518352509,76.16643011569977,A,120.0,True,,5,750,0,0,0.0,3037.0286338422397,28.956569836207336,FLP,120.0158204262193,0,BHP,2800.0
200.0,145.0,2800.0,BHP,76.16634368896484,173.9776303233985,72.01213836669922,167.71355693786796,77.1578460931778,78.24618518352509,76.16643011569977,B,150.0,True,,5,900,0,0,0.0,2903.9955870343883,13.067054246527448,FLP,149.63410018142076,0,BHP,2800.0
200.0,145.0,2800.0,BHP,76.16634368896484,173.9776303233985,72.01213836669922,167.71355693786796,77.1578460931778,78.24618518352509,76.16643011569977,C,200.0,False,BHP,5,1000,0,0,0.0,2825.2404371384478,3.853699271046878,FLP,166.75471063728847,0,BHP,2800.0
200.0,145.0,2810.0,BHP,74.70245361328125,171.79142688313365,72.01213836669922,167.71355693786796,77.1578460931778,78.24618518352509,74.70251619815826,A,120.0,True,,5,750,0,0,0.0,3037.0286338422397,28.956569836207336,FLP,120.0158204262193,0,BHP,2810.0
200.0,145.0,2810.0,BHP,74.70245361328125,171.79142688313365,72.01213836669922,167.71355693786796,77.1578460931778,78.24618518352509,74.70251619815826,B,150.0,True,,5,900,0,0,0.0,2903.9955870343883,13.067054246527448,FLP,149.6341001804512,0,BHP,2810.0
200.0,145.0,2810.0,BHP,74.70245361328125,171.79142688313365,72.01213836669922,167.71355693786796,77.1578460931778,78.24618518352509,74.70251619815826,C,200.0,False,BHP,5,1000,0,0,0.0,2827.8497990354863,4.3531699614916874,FLP,166.43504302202646,0,BHP,2810.0
200.0,145.0,2820.0,BHP,73.25372695922852,169.60524578157813,71.10824584960938,166.32579215196031,77.1578460931778,78.24618518352509,73.25375378131866,A,120.0,True,,5,750,0,0,0.0,3037.0286338422397,28.956569836207336,FLP,120.0158204262193,0,BHP,2820.0
200.0,145.0,2820.0,BHP,73.25372695922852,169.60524578157813,71.10824584960938,166.32579215196031,77.1578460931778,78.24618518352509,73.25375378131866,B,150.0,True,,5,900,0,0,0.0,2903.9991738861604,13.06727303739001,FLP,149.634100208998,0,BHP,2820.0
200.0,145.0,2820.0,BHP,73.25372695922852,169.60524578157813,71.10824584960938,166.32579215196031,77.1578460931778,78.24618518352509,73.25375378131866,C,200.0,False,BHP,5,1000,0,0,0.0,2835.17799427181,5.402764794461689,FLP,165.2100984362647,0,BHP,2820.0
200.0,145.0,2830.0,BHP,71.81978225708008,167.4189786679881,69.696044921875,164.13959646967552,77.1578460931778,78.24618518352509,71.81983292102814,A,120.0,True,,5,750,0,0,0.0,3037.0286338422397,28.956569836207336,FLP,120.0158204262193,0,BHP,2830.0
200.0,145.0,2830.0,BHP,71.81978225708008,167.4189786679881,69.696044921875,164.13959646967552,77.1578460931778,78.24618518352509,71.81983292102814,B,150.0,True,,5,900,0,0,0.0,2903.9968066023807,13.067248617727756,FLP,149.63410021111613,0,BHP,2830.0
200.0,145.0,2830.0,BHP,71.81978225708008,167.4189786679881,69.696044921875,164.13959646967552,77.1578460931778,78.24618518352509,71.81983292102814,C,200.0,False,BHP,5,1000,0,0,0.0,2842.52003471567,6.466187571594418,FLP,163.12120443647927,0,BHP,2830.0
200.0,145.0,2840.0,BHP,70.40042877197266,165.23279341009885,68.29795837402344,161.95341876254824,77.1578460931778,78.24618518352509,70.40044367313385,A,120.0,True,,5,750,0,0,0.0,3037.0286338422397,28.956569836207336,FLP,120.0158204262193,0,BHP,2840.0
200.0,145.0,2840.0,BHP,70.40042877197266,165.23279341009885,68.29795837402344,161.95341876254824,77.1578460931778,78.24618518352509,70.40044367313385,B,150.0,True,,5,900,0,0,0.0,2903.997288756283,13.066722936970365,FLP,149.63410018896366,0,BHP,2840.0
200.0,145.0,2840.0,BHP,70.40042877197266,165.23279341009885,68.29795837402344,161.95341876254824,77.1578460931778,78.24618518352509,70.40044367313385,C,200.0,False,BHP,5,1000,0,0,0.0,2853.225842230473,7.352188114690875,FLP,160.9799064457524,0,BHP,2840.0
200.0,145.0,2850.0,BHP,68.99528503417969,163.0465523359276,66.91360473632812,159.76709676721904,77.1578460931778,78.24618518352509,68.99530589580536,A,120.0,True,,5,750,0,0,0.0,3037.0286338422397,28.956569836207336,FLP,120.0158204262193,0,BHP,2850.0
200.0,145.0,2850.0,BHP,68.99528503417969,163.0465523359276,66.91360473632812,159.76709676721904,77.1578460931778,78.24618518352509,68.99530589580536,B,150.0,True,,5,900,0,0,0.0,2904.001387112492,13.07534911219426,FLP,149.63410017755447,0,BHP,2850.0
200.0,145.0,2850.0,BHP,68.99528503417969,163.0465523359276,66.91360473632812,159.76709676721904,77.1578460931778,78.24618518352509,68.99530589580536,C,200.0,False,BHP,5,1000,0,0,0.0,2863.8024815189256,8.637177508900095,FLP,158.77786869227506,0,BHP,2850.0
200.0,145.0,2860.0,BHP,67.60406494140625,160.86024905007991,65.54288864135742,157.58090723252528,77.1578460931778,78.24618518352509,67.60412752628326,A,120.0,True,,5,750,0,0,0.0,3037.0286338422397,28.956569836207336,FLP,120.0158204262193,0,BHP,2860.0
200.0,145.0,2860.0,BHP,67.60406494140625,160.86024905007991,65.54288864135742,157.58090723252528,77.1578460931778,78.24618518352509,67.60412752628326,B,150.0,True,,5,900,0,0,0.0,2904.004663558746,13.069844209837981,FLP,149.6341001793328,0,BHP,2860.0
200.0,145.0,2860.0,BHP,67.60406494140625,160.86024905007991,65.54288864135742,157.58090723252528,77.1578460931778,78.24618518352509,67.60412752628326,C,200.0,False,BHP,5,1000,0,0,0.0,2872.650547962807,9.725037069857507,FLP,156.54924093539086,0,BHP,2860.0
200.0,145.0,2870.0,BHP,66.22657775878906,158.674015746881,64.18542861938477,155.3946620989167,77.1578460931778,78.24618518352509,66.22664034366608,A,120.0,True,,5,750,0,0,0.0,3037.0286338422397,28.956569836207336,FLP,120.0158204262193,0,BHP,2870.0
200.0,145.0,2870.0,BHP,66.22657775878906,158.674015746881,64.18542861938477,155.3946620989167,77.1578460931778,78.24618518352509,66.22664034366608,B,150.0,True,,5,900,0,0,0.0,2904.005695016365,13.069792205049083,FLP,149.63410018227069,0,BHP,2870.0
200.0,145.0,2870.0,BHP,66.22657775878906,158.674015746881,64.18542861938477,155.3946620989167,77.1578460931778,78.24618518352509,66.22664034366608,C,200.0,False,BHP,5,1000,0,0,0.0,2883.235010283776,10.740011324817942,FLP,154.4224752279684,0,BHP,2870.0
200.0,145.0,2880.0,BHP,64.8625373840332,156.48782333999327,62.841033935546875,153.20846518031382,77.1578460931778,78.24618518352509,64.86257612705231,A,120.0,True,,5,750,0,0,0.0,3037.0286338422397,28.956569836207336,FLP,120.0158204262193,0,BHP,2880.0
200.0,145.0,2880.0,BHP,64.8625373840332,156.48782333999327,62.841033935546875,153.20846518031382,77.1578460931778,78.24618518352509,64.86257612705231,B,150.0,True,,5,900,0,0,0.0,2904.062224484838,13.07253370248742,FLP,149.60253009844502,0,BHP,2880.0
200.0,145.0,2880.0,BHP,64.8625373840332,156.48782333999327,62.841033935546875,153.20846518031382,77.1578460931778,78.24618518352509,64.86257612705231,C,200.0,False,BHP,5,1000,0,0,0.0,2893.428088460297,12.211876897449116,FLP,152.19726219881022,0,BHP,2880.0
200.0,145.0,2890.0,BHP,63.51165771484375,154.3016289767538,61.50941848754883,151.02225498814286,77.1578460931778,78.24618518352509,63.511672616004944,A,120.0,True,,5,750,0,0,0.0,3037.0286338422397,28.956569836207336,FLP,120.0158204262193,0,BHP,2890.0
200.0,145.0,2890.0,BHP,63.51165771484375,154.3016289767538,61.50941848754883,151.02225498814286,77.1578460931778,78.24618518352509,63.511672616004944,B,150.0,True,,5,900,0,0,0.0,2907.0862689472856,13.916809073316927,FLP,149.05008217010294,0,BHP,2890.0
200.0,145.0,2890.0,BHP,63.51165771484375,154.3016289767538,61.50941848754883,151.02225498814286,77.1578460931778,78.24618518352509,63.511672616004944,C,200.0,False,BHP,5,1000,0,0,0.0,2902.661644927093,12.66164492709322,BHP,149.97616744939614,0,BHP,2890.0
200.0,145.0,2900.0,BHP,62.17365264892578,152.11537591995136,60.1902961730957,148.83595598024996,77.1578460931778,78.24618518352509,62.17367351055145,A,120.0,True,,5,750,0,0,0.0,3037.0286338422397,28.956569836207336,FLP,120.0158204262193,0,BHP,2900.0
200.0,145.0,2900.0,BHP,62.17365264892578,152.11537591995136,60.1902961730957,148.83595598024996,77.1578460931778,78.24618518352509,62.17367351055145,B,150.0,True,,5,900,0,0,0.0,2913.3877516689804,13.3877516689804,BHP,147.57569644802314,0,BHP,2900.0
200.0,145.0,2900.0,BHP,62.17365264892578,152.11537591995136,60.1902961730957,148.83595598024996,77.1578460931778,78.24618518352509,62.17367351055145,C,200.0,False,BHP,5,1000,0,0,0.0,2913.2559358869726,13.255935886972566,BHP,147.8093121004218,0,BHP,2900.0
180.0,145.0,2850.0,BHP,68.99528503417969,163.0465523359276,66.91360473632812,159.76709676721904,93.45546662807465,78.24618518352509,68.99530589580536,A,120.0,True,,5,750,0,0,0.0,3037.0286338422397,28.956569836207336,FLP,120.0158204262193,0,WHP,180.0
180.0,145.0,2850.0,BHP,68.99528503417969,163.0465523359276,66.91360473632812,159.76709676721904,93.45546662807465,78.24618518352509,68.99530589580536,B,150.0,True,,5,900,0,0,0.0,2904.001387112492,13.07534911219426,FLP,149.63410017755447,0,WHP,180.0
180.0,145.0,2850.0,BHP,68.99528503417969,163.0465523359276,66.91360473632812,159.76709676721904,93.45546662807465,78.24618518352509,68.99530589580536,C,200.0,False,BHP,5,1000,0,0,0.0,2863.8024815189256,8.637177508900095,FLP,158.77786869227506,0,WHP,180.0
185.0,145.0,2850.0,BHP,68.99528503417969,163.0465523359276,66.91360473632812,159.76709676721904,89.19977247714996,78.24618518352509,68.99530589580536,A,120.0,True,,5,750,0,0,0.0,3037.0286338422397,28.956569836207336,FLP,120.0158204262193,0,WHP,185.0
185.0,145.0,2850.0,BHP,68.99528503417969,163.0465523359276,66.91360473632812,159.76709676721904,89.19977247714996,78.24618518352509,68.99530589580536,B,150.0,True,,5,900,0,0,0.0,2904.001387112492,13.07534911219426,FLP,149.63410017755447,0,WHP,185.0
185.0,145.0,2850.0,BHP,68.99528503417969,163.0465523359276,66.91360473632812,159.76709676721904,89.19977247714996,78.24618518352509,68.99530589580536,C,200.0,False,BHP,5,1000,0,0,0.0,2863.8024815189256,8.637177508900095,FLP,158.77786869227506,0,WHP,185.0
190.0,145.0,2850.0,BHP,68.99528503417969,163.0465523359276,66.91360473632812,159.76709676721904,85.06963551044464,78.24618518352509,68.99530589580536,A,120.0,True,,5,750,0,0,0.0,3037.0286338422397,28.956569836207336,FLP,120.0158204262193,0,WHP,190.0
190.0,145.0,2850.0,BHP,68.99528503417969,163.0465523359276,66.91360473632812,159.76709676721904,85.06963551044464,78.24618518352509,68.99530589580536,B,150.0,True,,5,900,0,0,0.0,2904.001387112492,13.07534911219426,FLP,149.63410017755447,0,WHP,190.0
190.0,145.0,2850.0,BHP,68.99528503417969,163.0465523359276,66.91360473632812,159.76709676721904,85.06963551044464,78.24618518352509,68.99530589580536,C,200.0,False,BHP,5,1000,0,0,0.0,2863.8024815189256,8.637177508900095,FLP,158.77786869227506,0,WHP,190.0
195.0,145.0,2850.0,BHP,68.99528503417969,163.0465523359276,66.91360473632812,159.76709676721904,81.05786144733429,78.24618518352509,68.99530589580536,A,120.0,True,,5,750,0,0,0.0,3037.0286338422397,28.956569836207336,FLP,120.0158204262193,0,WHP,195.0
195.0,145.0,2850.0,BHP,68.99528503417969,163.0465523359276,66.91360473632812,159.76709676721904,81.05786144733429,78.24618518352509,68.99530589580536,B,150.0,True,,5,900,0,0,0.0,2904.001387112492,13.07534911219426,FLP,149.63410017755447,0,WHP,195.0
195.0,145.0,2850.0,BHP,68.99528503417969,163.0465523359276,66.91360473632812,159.76709676721904,81.05786144733429,78.24618518352509,68.99530589580536,C,200.0,False,BHP,5,1000,0,0,0.0,2863.8024815189256,8.637177508900095,FLP,158.77786869227506,0,WHP,195.0
200.0,145.0,2850.0,BHP,68.99528503417969,163.0465523359276,66.91360473632812,159.76709676721904,77.1578460931778,78.24618518352509,68.99530589580536,A,120.0,True,,5,750,0,0,0.0,3037.0286338422397,28.956569836207336,FLP,120.0158204262193,0,WHP,200.0
200.0,145.0,2850.0,BHP,68.99528503417969,163.0465523359276,66.91360473632812,159.76709676721904,77.1578460931778,78.24618518352509,68.99530589580536,B,150.0,True,,5,900,0,0,0.0,2904.001387112492,13.07534911219426,FLP,149.63410017755447,0,WHP,200.0
200.0,145.0,2850.0,BHP,68.99528503417969,163.0465523359276,66.91360473632812,159.76709676721904,77.1578460931778,78.24618518352509,68.99530589580536,C,200.0,False,BHP,5,1000,0,0,0.0,2863.8024815189256,8.637177508900095,FLP,158.77786869227506,0,WHP,200.0
205.0,145.0,2850.0,BHP,68.99528503417969,163.0465523359276,66.91360473632812,159.76709676721904,73.36353957653046,78.24618518352509,68.99530589580536,A,120.0,True,,5,750,0,0,0.0,3037.0286338422397,28.956569836207336,FLP,120.0158204262193,0,WHP,205.0
205.0,145.0,2850.0,BHP,68.99528503417969,163.0465523359276,66.91360473632812,159.76709676721904,73.36353957653046,78.24618518352509,68.99530589580536,B,150.0,True,,5,900,0,0,0.0,2904.001387112492,13.07534911219426,FLP,149.63410017755447,0,WHP,205.0
205.0,145.0,2850.0,BHP,68.99528503417969,163.0465523359276,66.91360473632812,159.76709676721904,73.36353957653046,78.24618518352509,68.99530589580536,C,200.0,False,BHP,5,1000,0,0,0.0,2863.8024815189256,8.503662660272425,WHP,158.77786869227506,0,WHP,205.0
210.0,145.0,2850.0,BHP,68.99528503417969,163.0465523359276,66.0700798034668,158.42427168662468,69.66935694217682,78.24618518352509,68.99530589580536,A,120.0,True,,5,750,0,0,0.0,3037.0286338422397,28.956569836207336,FLP,120.0158204262193,0,WHP,210.0
210.0,145.0,2850.0,BHP,68.99528503417969,163.0465523359276,66.0700798034668,158.42427168662468,69.66935694217682,78.24618518352509,68.99530589580536,B,150.0,True,,5,900,0,0,0.0,2904.001387112492,10.737150201952204,WHP,149.63410017756533,0,WHP,210.0
210.0,145.0,2850.0,BHP,68.99528503417969,163.0465523359276,66.0700798034668,158.42427168662468,69.66935694217682,78.24618518352509,68.99530589580536,C,200.0,False,BHP,5,1000,0,0,0.0,2867.730472560636,4.243183586875432,WHP,157.74442692583247,0,WHP,210.0
215.0,145.0,2850.0,WHP,66.0700798034668,158.42427168662468,62.56113052368164,152.75065182504844,66.07015430927277,78.24618518352509,68.99530589580536,A,120.0,True,,5,750,0,0,0.0,3037.0286338422397,28.956569836207336,FLP,120.0158204262193,0,WHP,215.0
215.0,145.0,2850.0,WHP,66.0700798034668,158.42427168662468,62.56113052368164,152.75065182504844,66.07015430927277,78.24618518352509,68.99530589580536,B,150.0,True,,5,900,0,0,0.0,2904.0367301754827,6.215165652436156,WHP,149.6340897587591,0,WHP,215.0
215.0,145.0,2850.0,WHP,66.0700798034668,158.42427168662468,62.56113052368164,152.75065182504844,66.07015430927277,78.24618518352509,68.99530589580536,C,200.0,False,WHP,5,1000,0,0,0.0,2891.609291497728,3.7805163028191373,WHP,151.93410888611356,0,WHP,215.0
220.0,145.0,2850.0,WHP,62.56113052368164,152.75065182504844,59.137916564941406,147.07692028266732,62.561169266700745,78.24618518352509,68.99530589580536,A,120.0,True,,5,750,0,0,0.0,3037.0286338422397,26.73123469823048,WHP,120.0158204262193,0,WHP,220.0
220.0,145.0,2850.0,WHP,62.56113052368164,152.75065182504844,59.137916564941406,147.07692028266732,62.561169266700745,78.24618518352509,68.99530589580536,B,150.0,True,,5,900,0,0,0.0,2919.198962859348,4.3807038686038595,WHP,146.7357528223825,0,WHP,220.0
220.0,145.0,2850.0,WHP,62.56113052368164,152.75065182504844,59.137916564941406,147.07692028266732,62.561169266700745,78.24618518352509,68.99530589580536,C,200.0,False,WHP,5,1000,0,0,0.0,2916.475491912536,3.5983930665320827,WHP,146.36696172420187,0,WHP,220.0
200.0,135.0,2850.0,BHP,68.99528503417969,163.0465523359276,66.91360473632812,159.76709676721904,77.1578460931778,91.61427319049835,68.99530589580536,A,120.0,True,,5,750,0,0,0.0,3037.0286338422397,38.956569836207336,FLP,120.0158204262193,0,FLP,135.0
200.0,135.0,2850.0,BHP,68.99528503417969,163.0465523359276,66.91360473632812,159.76709676721904,77.1578460931778,91.61427319049835,68.99530589580536,B,150.0,True,,5,900,0,0,0.0,2904.001387112492,20.737150201952204,WHP,149.63410017755447,0,FLP,135.0
200.0,135.0,2850.0,BHP,68.99528503417969,163.0465523359276,66.91360473632812,159.76709676721904,77.1578460931778,91.61427319049835,68.99530589580536,C,200.0,False,BHP,5,1000,0,0,0.0,2863.8024815189256,13.503662660272425,WHP,158.77786869227506,0,FLP,135.0
200.0,137.5,2850.0,BHP,68.99528503417969,163.0465523359276,66.91360473632812,159.76709676721904,77.1578460931778,88.15068900585175,68.99530589580536,A,120.0,True,,5,750,0,0,0.0,3037.0286338422397,36.456569836207336,FLP,120.0158204262193,0,FLP,137.5
200.0,137.5,2850.0,BHP,68.99528503417969,163.0465523359276,66.91360473632812,159.76709676721904,77.1578460931778,88.15068900585175,68.99530589580536,B,150.0,True,,5,900,0,0,0.0,2904.001387112492,20.57534911219426,FLP,149.63410017755447,0,FLP,137.5
200.0,137.5,2850.0,BHP,68.99528503417969,163.0465523359276,66.91360473632812,159.76709676721904,77.1578460931778,88.15068900585175,68.99530589580536,C,200.0,False,BHP,5,1000,0,0,0.0,2863.8024815189256,13.503662660272425,WHP,158.77786869227506,0,FLP,137.5
200.0,140.0,2850.0,BHP,68.99528503417969,163.0465523359276,66.91360473632812,159.76709676721904,77.1578460931778,84.77073013782501,68.99530589580536,A,120.0,True,,5,750,0,0,0.0,3037.0286338422397,33.956569836207336,FLP,120.0158204262193,0,FLP,140.0
200.0,140.0,2850.0,BHP,68.99528503417969,163.0465523359276,66.91360473632812,159.76709676721904,77.1578460931778,84.77073013782501,68.99530589580536,B,150.0,True,,5,900,0,0,0.0,2904.001387112492,18.07534911219426,FLP,149.63410017755447,0,FLP,140.0
200.0,140.0,2850.0,BHP,68.99528503417969,163.0465523359276,66.91360473632812,159.76709676721904,77.1578460931778,84.77073013782501,68.99530589580536,C,200.0,False,BHP,5,1000,0,0,0.0,2863.8024815189256,13.503662660272425,WHP,158.77786869227506,0,FLP,140.0
200.0,142.5,2850.0,BHP,68.99528503417969,163.0465523359276,66.91360473632812,159.76709676721904,77.1578460931778,81.4704567193985,68.99530589580536,A,120.0,True,,5,750,0,0,0.0,3037.0286338422397,31.456569836207336,FLP,120.0158204262193,0,FLP,142.5
200.0,142.5,2850.0,BHP,68.99528503417969,163.0465523359276,66.91360473632812,159.76709676721904,77.1578460931778,81.4704567193985,68.99530589580536,B,150.0,True,,5,900,0,0,0.0,2904.001387112492,15.57534911219426,FLP,149.63410017755447,0,FLP,142.5
200.0,142.5,2850.0,BHP,68.99528503417969,163.0465523359276,66.91360473632812,159.76709676721904,77.1578460931778,81.4704567193985,68.99530589580536,C,200.0,False,BHP,5,1000,0,0,0.0,2863.8024815189256,11.137177508900095,FLP,158.77786869227506,0,FLP,142.5
200.0,145.0,2850.0,BHP,68.99528503417969,163.0465523359276,66.91360473632812,159.76709676721904,77.1578460931778,78.24618518352509,68.99530589580536,A,120.0,True,,5,750,0,0,0.0,3037.0286338422397,28.956569836207336,FLP,120.0158204262193,0,FLP,145.0
200.0,145.0,2850.0,BHP,68.99528503417969,163.0465523359276,66.91360473632812,159.76709676721904,77.1578460931778,78.24618518352509,68.99530589580536,B,150.0,True,,5,900,0,0,0.0,2904.001387112492,13.07534911219426,FLP,149.63410017755447,0,FLP,145.0
200.0,145.0,2850.0,BHP,68.99528503417969,163.0465523359276,66.91360473632812,159.76709676721904,77.1578460931778,78.24618518352509,68.99530589580536,C,200.0,False,BHP,5,1000,0,0,0.0,2863.8024815189256,8.637177508900095,FLP,158.77786869227506,0,FLP,145.0
200.0,147.5,2850.0,BHP,68.99528503417969,163.0465523359276,66.91360473632812,159.76709676721904,77.1578460931778,75.09450614452362,68.99530589580536,A,120.0,True,,5,750,0,0,0.0,3037.0286338422397,26.456569836207336,FLP,120.0158204262193,0,FLP,147.5
200.0,147.5,2850.0,BHP,68.99528503417969,163.0465523359276,66.91360473632812,159.76709676721904,77.1578460931778,75.09450614452362,68.99530589580536,B,150.0,True,,5,900,0,0,0.0,2904.001387112492,10.57534911219426,FLP,149.63410017755447,0,FLP,147.5
200.0,147.5,2850.0,BHP,68.99528503417969,163.0465523359276,66.91360473632812,159.76709676721904,77.1578460931778,75.09450614452362,68.99530589580536,C,200.0,False,BHP,5,1000,0,0,0.0,2863.8024815189256,6.2960608093384565,FLP,158.77786863743262,0,FLP,147.5
200.0,150.0,2850.0,BHP,68.99528503417969,163.0465523359276,66.0440444946289,158.3826966796653,77.1578460931778,72.01221883296967,68.99530589580536,A,120.0,True,,5,750,0,0,0.0,3037.0286338422397,23.956569836207336,FLP,120.0158204262193,0,FLP,150.0
200.0,150.0,2850.0,BHP,68.99528503417969,163.0465523359276,66.0440444946289,158.3826966796653,77.1578460931778,72.01221883296967,68.99530589580536,B,150.0,True,,5,900,0,0,0.0,2904.001387112492,8.07534911219426,FLP,149.63410017782408,0,FLP,150.0
200.0,150.0,2850.0,BHP,68.99528503417969,163.0465523359276,66.0440444946289,158.3826966796653,77.1578460931778,72.01221883296967,68.99530589580536,C,200.0,False,BHP,5,1000,0,0,0.0,2869.4717172507476,4.294753765650739,FLP,157.32092596886636,0,FLP,150.0
200.0,152.5,2850.0,BHP,68.99528503417969,163.0465523359276,63.15269470214844,153.71714542401932,77.1578460931778,68.9963310956955,68.99530589580536,A,120.0,True,,5,750,0,0,0.0,3037.0286338422397,21.456569836207336,FLP,120.0158204262193,0,FLP,152.5
200.0,152.5,2850.0,BHP,68.99528503417969,163.0465523359276,63.15269470214844,153.71714542401932,77.1578460931778,68.9963310956955,68.99530589580536,B,150.0,True,,5,900,0,0,0.0,2904.0041421764677,5.571483448869998,FLP,149.63062785441133,0,FLP,152.5
200.0,152.5,2850.0,BHP,68.99528503417969,163.0465523359276,63.15269470214844,153.71714542401932,77.1578460931778,68.9963310956955,68.99530589580536,C,200.0,False,BHP,5,1000,0,0,0.0,2887.039320018962,3.8163657828047803,FLP,152.66062274774313,0,FLP,152.5
200.0,155.0,2850.0,FLP,66.0440444946289,158.3826966796653,60.31990051269531,149.05167450771864,77.1578460931778,66.04404747486115,68.99530589580536,A,120.0,True,,5,750,0,0,0.0,3037.0286338422397,18.956569836207336,FLP,120.0158204262193,0,FLP,155.0
200.0,155.0,2850.0,FLP,66.0440444946289,158.3826966796653,60.31990051269531,149.05167450771864,77.1578460931778,66.04404747486115,68.99530589580536,B,150.0,True,,5,900,0,0,0.0,2912.32266334199,4.55481830007048,FLP,148.300127365889,0,FLP,155.0
200.0,155.0,2850.0,FLP,66.0440444946289,158.3826966796653,60.31990051269531,149.05167450771864,77.1578460931778,66.04404747486115,68.99530589580536,C,200.0,False,FLP,5,1000,0,0,0.0,2908.870384282247,3.7782567501419067,FLP,148.1055222134115,0,FLP,155.0
200.0,157.5,2850.0,FLP,63.15269470214844,153.71714542401932,57.543277740478516,144.38618142761234,77.1578460931778,63.15273344516754,68.99530589580536,A,120.0,True,,5,750,0,0,0.0,3037.0286338422397,16.456569836207336,FLP,120.0158204262193,0,FLP,157.5
200.0,157.5,2850.0,FLP,63.15269470214844,153.71714542401932,57.543277740478516,144.38618142761234,77.1578460931778,63.15273344516754,68.99530589580536,B,150.0,True,,5,900,0,0,0.0,2929.075423655485,3.9403076270130555,FLP,144.20857376034309,0,FLP,157.5
200.0,157.5,2850.0,FLP,63.15269470214844,153.71714542401932,57.543277740478516,144.38618142761234,77.1578460931778,63.15273344516754,68.99530589580536,C,200.0,False,FLP,5,1000,0,0,0.0,2929.6923251950216,3.8572782661370297,FLP,143.52733254050673,0,FLP,157.5
200.0,160.0,2850.0,FLP,60.31990051269531,149.05167450771864,54.82063293457031,139.72065095693566,77.1578460931778,60.31992733478546,68.99530589580536,A,120.0,True,,5,750,0,0,0.0,3037.029839463237,13.956570675710822,FLP,120.01582042621696,0,FLP,160.0
200.0,160.0,2850.0,FLP,60.31990051269531,149.05167450771864,54.82063293457031,139.72065095693566,77.1578460931778,60.31992733478546,68.99530589580536,B,150.0,False,FLP,5,900,0,0,0.0,2951.487018844743,4.040304029636701,FLP,139.39191630125634,0,FLP,160.0
200.0,160.0,2850.0,FLP,60.31990051269531,149.05167450771864,54.82063293457031,139.72065095693566,77.1578460931778,60.31992733478546,68.99530589580536,C,200.0,False,FLP,5,1000,0,0,0.0,2950.4836837084404,3.935737624685629,FLP,138.82048754538596,0,FLP,160.0
