Time_hr,Choke_pct,Target_bbl_hr,OilRate_meas,OilRate_true,WHP_meas,WHP_true,FLP_meas,FLP_true,BHP_meas,BHP_true,Mode
0.0,35.0,200.0,93.22658681507241,94.2599267925496,271.2939613658947,272.0919873776677,189.01162428117388,189.50617782429865,3171.8778622787113,3167.8894135518367,hard+backoff
1.0,40.0,200.0,96.94017022224406,97.33904135796026,269.5182263112812,270.4010234842445,187.11262372083738,188.0915845149877,3160.9700612613956,3161.438769418404,hard+backoff
2.0,45.0,200.0,100.96532667982491,101.495236918545,267.5299126907303,268.0369655854198,186.0276376220501,186.1555481989993,3156.2221826609143,3152.2863345764003,hard+backoff
3.0,50.0,200.0,105.54666731153445,106.49105608106288,265.49501742953703,265.09786955733284,184.72318652116897,183.79756481163633,3147.7478276792026,3140.7417843171906,hard+backoff
4.0,55.0,200.0,112.42540690819538,112.1310129761041,263.04726033749347,261.67078511247604,181.20513398823766,181.10209340146343,3126.837478879888,3127.08815941667,hard+backoff
5.0,60.0,200.0,118.61148258323094,118.25445291240098,258.82402231815274,257.83291092313453,178.5267917437895,178.14072545028174,3107.793513079539,3111.5839578875402,hard+backoff
6.0,65.0,200.0,125.59318979774339,124.72961746583242,253.92047396386224,253.6526310612759,175.700064375611,174.9740446397644,3097.449480644623,3094.4650684130024,hard+backoff
7.0,67.0,200.0,131.5696823801961,130.65351387409953,250.33799934249785,249.61147892108906,173.62468743806198,172.01327815562865,3078.8349005175996,3077.5287190586573,hard+backoff
8.0,67.0,200.0,136.18092399797405,135.5793427712185,246.16597561368928,245.98105763465858,170.76863768412983,169.4735070805949,3058.9600967923534,3061.835281276202,hard+backoff
9.0,67.0,200.0,139.91070581435915,139.6752601626555,243.45505385517532,242.7196217223848,168.11741617848588,167.2948695054465,3049.602763008467,3047.2935412424436,hard+backoff
10.0,67.0,200.0,143.68928639141365,143.08109086198982,240.555262727132,239.78966859280527,165.22559647865307,165.42601536717132,3027.7576170856278,3033.818979062969,hard+backoff
11.0,67.0,200.0,145.99595075116133,145.91310177529064,236.9078327779701,237.15750730788585,163.10785014866582,163.82289613798497,3020.1652634833767,3021.33327752333,hard+backoff
12.0,67.0,200.0,149.47863783963066,148.26797097493187,234.83514953547078,234.79287117774305,162.70297645456097,162.44772661011643,3008.636980531051,3009.763866891613,hard+backoff
13.0,67.0,200.0,151.24532442642996,150.22608805752304,232.7616611057116,232.66856973010292,160.79212235244216,161.2680943058255,2992.48532191339,2999.0435031266825,hard+backoff
14.0,67.0,200.0,152.49769260754965,151.85429845227426,230.85617379896786,230.76017605256342,159.68151994463284,160.25619552162,2986.1681063915685,2989.109877040547,hard+backoff
15.0,67.0,200.0,154.64544439720754,153.20818536391275,229.5831125776102,229.04574591247263,157.7319351786849,159.38818000038336,2980.260055915283,2979.9052521432136,hard+backoff
16.0,67.0,200.0,155.3194169211888,154.33396725021868,227.96907721774767,227.50556542463883,156.02456063254115,158.64358878546332,2970.890723895899,2971.3761290650996,hard+backoff
17.0,67.0,200.0,155.88534276338677,155.27007560952086,225.89231830352082,226.12192436535466,155.52761131138644,158.00487200705106,2953.801383744612,2963.472934606552,hard+backoff
18.0,67.0,200.0,157.45235024019945,156.04846694003945,224.53005801460012,224.87891252611908,155.4973234724409,157.45697523517046,2948.454961844134,2956.1497336071557,hard+backoff
19.0,67.0,200.0,158.68677578921688,156.69571365822722,224.13879159036435,223.76223676537,156.16333061925246,156.98698464969783,2945.2896000293167,2949.3639619601536,hard+backoff
20.0,67.0,200.0,157.57611061499253,157.23391121744947,223.2384915070504,222.75905665454226,154.87000526719618,156.58382266413855,2938.8731921964377,2943.076179220194,hard+backoff
21.0,67.0,200.0,157.87256907438785,157.68143239386237,222.6717496193056,221.8578368285784,153.72789080282777,156.2379868290725,2935.735779427093,2937.2498393665087,hard+backoff
22.0,67.0,200.0,158.32952696860127,158.05355448900417,221.622894549178,221.0482143431005,154.11356509063748,155.94132586127338,2938.7761401007347,2931.8510783891447,hard+backoff
23.0,67.0,200.0,158.84357593440922,158.36298086029385,220.43664065471614,220.32087951301025,153.48570204430763,155.6868475195518,2931.2386642285596,2926.8485174636476,hard+backoff
24.0,67.0,200.0,158.18481909169063,158.62027458323982,220.86796412360752,219.6674688623041,153.6287462324726,155.46855379899324,2935.907274260442,2922.213080570213,hard+backoff
25.0,68.0,200.0,158.94707488339068,159.10118059938145,218.8091579992889,218.93912062103124,153.00283837772207,155.16042225500675,2938.207980841535,2917.386666723017,hard+backoff
26.0,69.0,200.0,159.17203395425565,159.76612427890763,219.0312331760022,218.14445725985522,153.50978071380584,154.77608738280549,2925.012253663787,2912.3870716629867,hard+backoff
27.0,69.0,200.0,160.0958523330989,160.31903718720827,219.03445321908896,217.43056115253705,151.83858948629543,154.44640160826913,2914.6740438503434,2907.7543829784017,hard+backoff
28.0,68.0,200.0,162.3287169162495,160.51373297154905,218.35457940842377,216.9295656516548,153.367948353632,154.28361127305547,2915.00719220803,2903.989052731651,hard+backoff
29.0,68.0,200.0,161.8178677094989,160.6756260997467,216.59520354616407,216.4794898644253,153.89115220674424,154.1439683167852,2906.9862084039232,2900.500049598717,hard+backoff
30.0,68.0,200.0,160.74422174093462,160.81024321560443,216.3598377851047,216.07515846046348,152.76121236647015,154.02418138219653,2907.566793159041,2897.2670947013,hard+backoff
31.0,68.0,200.0,160.55778514515558,160.92217982516658,216.24601348048202,215.71192211478922,153.79556761935814,153.92142711458868,2904.7369127902316,2894.271397371575,hard+backoff
32.0,68.0,200.0,160.65486014219658,161.01525717629266,215.02614511314383,215.38560404618016,151.96814890225318,153.83328361590176,2901.113089990213,2891.495545936564,hard+backoff
33.0,68.0,200.0,160.00342597377386,161.0926527069107,214.81006194830834,215.09245198921,152.10182034759376,153.7576733610516,2890.973539747831,2888.9234065175397,hard+backoff
34.0,68.0,200.0,160.9681062732287,161.15700851514094,215.23102628563925,214.82909504770763,151.65682516548438,153.6928142310684,2886.624100220738,2886.5400292562585,hard+backoff
35.0,68.0,200.0,161.11797151055492,161.21052155420008,215.10244921530935,214.5925049335044,151.73010219159897,153.6371775089001,2878.621768057731,2884.331561422992,hard+backoff
36.0,67.0,200.0,160.73902279248577,160.9880570812914,214.88946651256524,214.52130947788567,151.8190547267836,153.71032915199382,2881.3837445049408,2882.8163256755556,hard+backoff
37.0,67.0,200.0,161.07283291489688,160.80307377744654,213.91949091790028,214.45735011961133,152.55619842933837,153.77307926356664,2882.830690581048,2881.4122888651054,hard+backoff
38.0,67.0,200.0,161.6816493938671,160.6492567555466,213.67568414079847,214.39989140296552,152.61974943609243,153.82690685151786,2880.3612312580626,2880.111290410948,hard+backoff
39.0,67.0,200.0,161.35869860143802,160.52135507072202,213.54321420375425,214.3482726217948,153.05404613401046,153.87308062160403,2874.521871521762,2878.9057686147084,hard+backoff
40.0,67.0,200.0,160.732909506187,160.41500246566636,213.1547325105472,214.30190022218176,154.30664060551987,153.91268888058644,2870.182052812231,2877.7887167100234,hard+backoff
41.0,66.0,200.0,161.08759234865153,160.05769307253158,212.7725639370801,214.40260255578943,153.34640961214168,154.06840899182905,2874.5184022956655,2877.288608485397,hard+backoff
42.0,66.0,200.0,159.71273352250446,159.76058373559937,212.55667210391073,214.49306979949623,155.15357045141215,154.20198704888088,2873.105892403948,2876.8252018123617,hard+backoff
43.0,66.0,200.0,158.4088703470458,159.51353185342563,213.78510006513477,214.57434221782756,155.42750365056872,154.3165714605112,2869.3573218214665,2876.3958032661285,hard+backoff
44.0,66.0,200.0,158.42884671038266,159.30810366622765,215.15443319247342,214.64735434587286,155.1162084779733,154.41486295896868,2868.910475352029,2875.9979170848624,hard+backoff
45.0,66.0,200.0,158.40156214814593,159.13728634751652,214.72386009523223,214.7129457353153,155.20983095996715,154.49917825571418,2874.515755290411,2875.629230663748,hard+backoff
46.0,66.0,200.0,157.84396317515152,158.99524860299059,214.99705952591066,214.77187060826685,155.1277978945392,154.57150464585825,2871.3809916835767,2875.2876011136045,hard+backoff
47.0,66.0,200.0,158.6845852130949,158.87714160410872,214.2309839332104,214.82480652991558,155.28570788052974,154.6335468483196,2873.676514833739,2874.9710428059284,hard+backoff
48.0,66.0,200.0,157.42532084980053,158.77893346069277,215.2986625785777,214.87236219971064,153.9317603450088,154.68676718571774,2881.507653184306,2874.6777158319687,hard+backoff
49.0,67.0,200.0,157.8963591137253,158.96614682638327,214.03801902955675,214.77272287217338,154.07653541082652,154.61067624661231,2881.2789896949853,2873.8709489609873,hard+backoff
50.0,67.0,200.0,157.51759294386912,159.1218181857538,215.73318275020011,214.683210593717,155.26021189223977,154.54540478152123,2877.866704463769,2873.123388466704,hard+backoff
51.0,67.0,200.0,160.12009387760943,159.25126178631558,214.6057759370941,214.6027960807683,154.80751405011063,154.48941435473424,2874.573185203179,2872.430689357811,hard+backoff
52.0,67.0,200.0,159.80900201452525,159.35889652268682,215.52026828642659,214.53055466311815,154.04456392154046,154.44138528280493,2877.1560696578163,2871.788825509827,hard+backoff
53.0,67.0,200.0,161.13704844055366,159.44839678707555,215.9449792331897,214.46565565132622,154.33625800717087,154.40018552986922,2882.657807388927,2871.1940662643487,hard+backoff
54.0,67.0,200.0,161.24936706018335,159.52281790423257,215.24405557095739,214.40735278479102,154.51221920839973,154.36484402578054,2879.515935403524,2870.642954745617,hard+backoff
55.0,67.0,200.0,159.70411627308118,159.5847004329237,215.1337641960193,214.35497565065037,154.145745184516,154.3345277781759,2883.3229784796526,2870.132287768368,hard+backoff
56.0,68.0,200.0,160.96063070815254,159.90311844435655,215.38917658555735,214.16657364171525,153.01969388183696,154.1876449348635,2876.0229613993724,2869.1279384459563,hard+backoff
57.0,68.0,200.0,160.85782198531984,160.16788888157927,215.8871103364009,213.99732026052166,152.55935323650553,154.0616475626079,2880.320239143234,2868.1972955267915,hard+backoff
58.0,68.0,200.0,161.16174060453469,160.38805037342348,216.1090147498842,213.84526929669502,153.3054257570773,153.95356592790296,2876.1264888946903,2867.3349499029487,hard+backoff
59.0,68.0,200.0,162.35868494027662,160.57111870612516,215.65398354330608,213.70867234697639,153.48401902948532,153.86085256768465,2871.019519000188,2866.535889425888,hard+backoff
60.0,68.0,200.0,162.45766656589927,160.72334339427314,215.88264367654008,213.5859587106872,151.82395476239074,153.78132224612318,2872.1480126662004,2865.79546977471,hard+backoff
61.0,67.0,200.0,162.6651148988976,160.5829594744419,215.32919431902033,213.6170656616846,152.60205457061852,153.83397775318514,2873.608896786818,2865.6405462365487,hard+backoff
62.0,68.0,200.0,162.57898539560705,160.7331892110665,215.60521007897682,213.50366266027243,152.96487416358593,153.75826879801153,2868.0845607107954,2864.9658333317047,hard+backoff
63.0,67.0,200.0,162.01480905637595,160.59114645232503,214.17468809288243,213.54313394051925,153.86284077015645,153.81420230618264,2867.506231152904,2864.871794504522,hard+backoff
64.0,67.0,200.0,161.23149680010044,160.4730352840307,215.64163129410073,213.5785934755825,154.01560352273174,153.86218255283137,2867.1865732753236,2864.784656925304,hard+backoff
65.0,67.0,200.0,159.98765840291424,160.3748236736715,215.13543582515487,213.61044900747902,153.604471578683,153.90334042301953,2862.4051685682275,2864.7039141306577,hard+backoff
66.0,67.0,200.0,160.88802158365118,160.29315891200136,214.14056054186753,213.6390668365228,153.59680435093966,153.9386459997254,2861.6815230247025,2864.6290968251305,hard+backoff
67.0,67.0,200.0,160.5658203422875,160.225253159573,213.6842345470334,213.66477603333792,153.09621807212454,153.96893142851061,2862.7722234704825,2864.559770153557,hard+backoff
68.0,66.0,200.0,159.67065645784797,159.89991303204022,214.26925612463458,213.8302338012759,153.68169045892,154.1166543354485,2869.7087843386266,2865.030497521356,hard+backoff
69.0,67.0,200.0,160.8333452599695,159.89826197240734,213.48027152873618,213.83651334834778,153.53992050940636,154.12162851712156,2870.2145636792034,2864.9317131691537,hard+backoff
70.0,67.0,200.0,160.70258398966152,159.89688908593362,213.20722472995413,213.84215466066863,153.86058888394174,154.12589541314426,2865.7463810431855,2864.8401783257978,hard+backoff
71.0,67.0,200.0,159.7146683405752,159.89574750556176,213.389518531611,213.84722260654706,152.94679750730904,154.12955559342416,2865.1319612135326,2864.755360969998,hard+backoff
72.0,67.0,200.0,159.6994608659855,159.89479826047094,212.1037279500033,213.85177546126704,153.41817741324508,154.13269532769704,2865.9176253018754,2864.676768124027,hard+backoff
73.0,67.0,200.0,159.4077084818534,159.89400894570636,212.26721262104357,213.8558655771835,153.93572200312326,154.1353886188878,2873.8950562409705,2864.6039429884217,hard+backoff
74.0,67.0,200.0,158.48618637032288,159.8933526159517,211.90140033088838,213.85953998571154,153.97099120305143,154.1376989473448,2869.322869444616,2864.5364622869606,hard+backoff
75.0,67.0,200.0,157.91652376768687,159.89280686568048,211.76978144409986,213.86284093813117,154.6482038667379,154.13968076705953,2876.0738901395753,2864.4739338064874,hard+backoff
76.0,67.0,200.0,157.17436813695622,159.89235306428503,211.33461944547653,213.8658063914262,153.83480756675678,154.14138078913638,2867.2413646320497,2864.4159941172775,hard+backoff
77.0,67.0,200.0,159.18512575201268,159.89197572007217,211.89627624974784,213.86847044474382,155.00564789753824,154.14283908276434,2869.216069714943,2864.3623064607036,hard+backoff
78.0,67.0,200.0,158.22515011737474,159.89166195141385,211.67420842203057,213.87086373149398,154.2031003121196,154.14409001964,2864.200609316234,2864.3125587919176,hard+backoff
79.0,67.0,200.0,159.13805210497128,159.89140104699933,213.68191184024764,213.87301377159665,154.2095163871905,154.14516308410168,2863.878615760163,2864.266461966174,hard+backoff
80.0,67.0,200.0,159.1251829721218,159.89118410017653,213.4216316001419,213.87494528792777,154.36997796667347,154.1460835680696,2862.965531666892,2864.223748058257,hard+backoff
81.0,67.0,200.0,158.59458963341277,159.8910037049003,214.06136982621214,213.87668049060275,153.5239872884909,154.1468731671715,2869.607367173031,2864.1841688052364,hard+backoff
82.0,67.0,200.0,159.44933948518954,159.8908537029078,213.26982523633168,213.87823933236592,153.06657280603514,154.14755049210427,2873.2538183113993,2864.147494163508,hard+backoff
83.0,67.0,200.0,159.01526304622328,159.89072897349016,212.58325343263755,213.87963973802326,154.475657590541,154.1481315072846,2872.1268725090536,2864.113510971728,hard+backoff
84.0,67.0,200.0,158.83416612868623,159.89062525868363,213.80966722720564,213.88089781055595,154.03257914955236,154.14862990712703,2863.81996483296,2864.082021711871,hard+backoff
85.0,67.0,200.0,159.61642763928577,159.89053901791306,214.1537985361506,213.88202801628543,152.72829695761507,154.1490574388187,2859.8871403878084,2864.0528433612103,hard+backoff
86.0,67.0,200.0,159.33716744874016,159.89046730712502,214.35433638429907,213.88304335121865,153.68746185063114,154.14942417919823,2858.4839992848415,2864.025806328547,hard+backoff
87.0,66.0,200.0,160.19857555130363,159.62153243375133,214.04868414943562,214.0263170689872,153.962786372889,154.27148257668463,2856.2996586941294,2864.535719816282,hard+backoff
88.0,65.0,200.0,160.15250519363818,159.12710547918095,214.19091843580787,214.29841095345358,153.8525019292017,154.49880184093436,2858.1952013858067,2865.547013387062,hard+backoff
89.0,64.0,200.0,159.9682555436014,158.44323647934442,214.14718979172775,214.68725992480768,154.2162240785859,154.81729375397828,2857.0501957693186,2867.0267545089705,hard+backoff
90.0,63.0,200.0,157.40011713877087,157.59988778708166,214.78372519391664,215.18203253045706,154.58704462123708,155.2148796215184,2854.2978907465967,2868.9444551640427,hard+backoff
91.0,64.0,200.0,157.41871133747298,157.17332685880555,214.3256029174152,215.4810727957466,154.5503708195657,155.4315514620233,2857.9456012009223,2870.1748674836763,hard+backoff
92.0,64.0,200.0,157.87989076941304,156.81863359577818,214.60685369750232,215.7497194853406,155.8029447963722,155.61741443913994,2865.8682653949686,2871.3149832654744,hard+backoff
93.0,65.0,200.0,157.79613835522574,156.79644350600373,214.85579121584163,215.84665180169984,155.84404172449055,155.65335382318167,2864.3164730141766,2871.8287655477475,hard+backoff
94.0,65.0,200.0,155.6206255493934,156.77799203793143,215.82796383707304,215.9337322016566,156.12858618975997,155.68418293737653,2865.154283464138,2872.3048427773724,hard+backoff
95.0,65.0,200.0,156.46348493238798,156.76264930261655,215.44335674695714,216.0119620051055,155.19514006760778,155.71062841793724,2879.0265349329507,2872.7459820232893,hard+backoff
96.0,66.0,200.0,156.77321378526338,157.02069419322513,215.5032976561762,215.9388586734694,155.72263345288394,155.6106970635464,2875.6906849281463,2872.6159460713225,hard+backoff
97.0,66.0,200.0,156.38303299010238,157.23526326927106,215.49317739786449,215.8731853501017,155.4121098827685,155.52497508421078,2870.3363827924177,2872.495453096185,hard+backoff
98.0,66.0,200.0,156.2902718342967,157.41368140530398,215.9369743462352,215.81418687074878,155.67506729346997,155.45144202958528,2871.6800241678925,2872.38380276535,hard+backoff
99.0,66.0,200.0,156.90517050291845,157.56203936933161,216.07357239904815,215.76118482383748,156.19189400166053,155.38836473990457,2871.386867954191,2872.280346141748,hard+backoff
100.0,66.0,200.0,157.22025634693537,157.6854017470574,215.2515391957696,215.71356974955765,156.29680938105116,155.3342564957452,2870.889797370048,2872.184481911995,hard+backoff
101.0,66.0,200.0,156.6968787495754,157.78797983471114,215.04287503589336,215.6707941318071,156.21224762628125,155.2878419763384,2874.1244473125826,2872.0956528914244,hard+backoff
102.0,66.0,200.0,156.39384303087311,157.87327540261992,215.25755921655826,215.6323661024148,155.56988857255837,155.24802720050837,2873.7190396091423,2872.0133427856017,hard+backoff
103.0,66.0,200.0,155.83919101009806,157.94420023726337,215.84808494049054,215.59784378524836,155.93719507178002,155.21387374174898,2875.102583284655,2871.937073189506,hard+backoff
104.0,66.0,200.0,158.10949797299804,158.00317554269284,215.64875267123801,215.56683021516977,156.3430539466397,155.1845766096941,2873.994883257347,2871.866400806929,hard+backoff
105.0,67.0,200.0,157.78920138840115,158.32108983917462,214.82215944160316,215.39660719491292,156.04327850879704,155.0377014722317,2877.369475923559,2871.265948526167,hard+backoff
106.0,67.0,200.0,158.49523172492712,158.5854414281443,215.14574977193482,215.24368514329416,156.41107765654388,154.91171071012084,2877.7916151155714,2870.7095617681753,hard+backoff
107.0,67.0,200.0,158.5333959695473,158.80525463995687,214.1552342755024,215.1063056405923,156.10305643778923,154.80363474565516,2874.249205881561,2870.1940066868033,hard+backoff
108.0,67.0,200.0,158.78668437110878,158.9880333714019,214.7176329995131,214.98288898771048,155.54053312396314,154.71092624941707,2874.1525579208565,2869.7162867588745,hard+backoff
109.0,67.0,200.0,158.7651237809913,159.14001725077466,214.3436244458279,214.87201604153591,154.3112688967868,154.6314001002199,2871.4388927737955,2869.273625367713,hard+backoff
110.0,67.0,200.0,159.91897204675917,159.26639464384755,214.6887518161543,214.7724118965005,155.47029068720687,154.56318188222735,2868.2894214768926,2868.8634496648183,hard+backoff
111.0,67.0,200.0,160.66939260535946,159.37147977225598,213.99849178878688,214.68293122469967,155.2461523090551,154.50466370533763,2869.73704826071,2868.483375615885,hard+backoff
112.0,67.0,200.0,160.60192992169536,159.4588599906962,214.01636442145775,214.60254510599867,154.21020114428762,154.45446630752713,2871.374720901275,2868.1311941442546,hard+backoff
113.0,67.0,200.0,159.82789595187697,159.53151825062605,213.26545054310517,214.53032919668817,153.4470222792243,154.41140654591328,2870.681438133307,2867.8048582912597,hard+backoff
114.0,67.0,200.0,159.4262469592816,159.59193493108614,213.6770739528658,214.46545310064306,153.97358811281254,154.3744695103076,2863.9668332447445,2867.502471318837,hard+backoff
115.0,66.0,200.0,159.07993062337255,159.37329726836833,212.03259914215207,214.54953239926607,153.89968173896298,154.46452840639984,2870.313099286568,2867.7572420330252,hard+backoff
116.0,67.0,200.0,159.09388535986628,159.46037127216596,212.11473395524897,214.48270454602002,153.29879459409625,154.42003790127615,2866.9650222509695,2867.458349485353,hard+backoff
117.0,66.0,200.0,158.49416266180316,159.26389966445086,212.53206774115637,214.5650304583209,153.14927124835467,154.50361736594388,2871.4276231772646,2867.7163581781797,hard+backoff
118.0,67.0,200.0,156.8337401695908,159.3694051509657,212.8108963689087,214.4966274277971,153.94922187566783,154.4535687485534,2867.937666018427,2867.4204659828993,hard+backoff
119.0,67.0,200.0,156.3973668335211,159.4571349049084,212.29789317438195,214.4351766807192,153.70689935512394,154.41063661206954,2864.3872305769655,2867.146288492828,hard+backoff
120.0,66.0,200.0,157.54883605401434,159.2612085655085,212.5762495644463,214.52233318588443,153.52213202338376,154.49555285882286,2872.4005267803955,2867.4271984739207,hard+backoff
121.0,67.0,200.0,157.938985980795,159.3671674526635,212.45162101042342,214.4582697809309,154.6862283806536,154.44665094465697,2865.668918148801,2867.152526905059,hard+backoff
122.0,66.0,200.0,157.41993684313826,159.1863989730501,213.3374491796571,214.54307917110597,153.58853203193414,154.5264462645279,2874.2006578944806,2867.4329790664297,hard+backoff
123.0,67.0,200.0,158.27620505701194,159.30496189960908,213.183305059238,214.47690720504747,153.67030770836016,154.47315157503067,2874.2499174928703,2867.157883275962,hard+backoff
124.0,67.0,200.0,158.61013950650099,159.40354915528022,213.2274315364326,214.4174607635847,153.63387331928084,154.4274349298433,2870.985632381623,2866.9029760003978,hard+backoff
125.0,67.0,200.0,159.09876003530712,159.4855262729413,213.9366539754777,214.36405628411885,153.99243905850523,154.3882187965492,2874.5551826780084,2866.6667756607812,hard+backoff
126.0,67.0,200.0,160.3201421049878,159.5536917551253,214.29962871429012,214.31607967934926,154.0222675952885,154.35457885853023,2872.5547220067824,2866.4479094071153,hard+backoff
127.0,67.0,200.0,159.4691223510326,159.61037260819683,214.7847708866163,214.27297927600782,153.8558236253635,154.32572222900396,2872.04154630691,2866.245105139045,hard+backoff
128.0,67.0,200.0,159.94209953290795,159.65750378077834,213.52838561518206,214.23425947127973,154.30008684593165,154.30096876283685,2870.643842973029,2866.057184112123,hard+backoff
129.0,67.0,200.0,161.2304469822942,159.69669421826356,214.0040527482396,214.19947503396705,154.16882008273134,154.27973502565598,2880.4601115391515,2865.8830540866784,hard+backoff
130.0,67.0,200.0,159.89497053034228,159.7292817883612,213.97913289906805,214.16822598486527,154.15482483419828,154.26152054241462,2863.0755964662912,2865.721702979471,hard+backoff
131.0,67.0,200.0,161.47614884577214,159.75637895269543,212.84476953316496,214.14015299748337,154.0044507222437,154.24589600129292,2865.0043717466824,2865.5721929812353,hard+backoff
132.0,67.0,200.0,160.59422384009028,159.77891074358246,212.5193923020069,214.11493326622124,153.20785327555623,154.23249313490203,2863.6855154409454,2865.4336551059187,hard+backoff
133.0,67.0,200.0,160.6169066450485,159.7976463424191,213.0162521915578,214.0922767944934,152.74612927443962,154.22099604029341,2869.657757377905,2865.3052841399385,hard+backoff
134.0,67.0,200.0,160.79686396193344,159.81322533769418,213.84340058199786,214.07192306011692,154.83495282741006,154.211133733188,2876.00552025796,2865.1863339620973,hard+backoff
135.0,67.0,200.0,160.02373872897067,159.8261795590082,214.4400907809811,214.0536380196197,154.56859741139206,154.2026737609296,2871.0055469813965,2865.0761132069565,hard+backoff
136.0,67.0,200.0,160.53088080588665,159.83695123246272,215.55085305268307,214.03721141702187,154.83006596176773,154.19541672362098,2871.8494244739622,2864.9739812464645,hard+backoff
137.0,67.0,200.0,159.87680655815802,159.84590807720068,214.3351327946043,214.02245436614476,154.49127682508808,154.18919157430724,2867.71926084777,2864.8793444664802,hard+backoff
138.0,67.0,200.0,160.03089286639346,159.85335585845758,214.84571787241367,214.00919717864704,154.37496578761605,154.1838515874324,2869.9824176399566,2864.791652816554,hard+backoff
139.0,67.0,200.0,160.253300546249,159.85954882565454,215.30162817469818,213.99728741281288,153.56469646212398,154.17927090054658,2873.230992555188,2864.7103966129075,hard+backoff
140.0,67.0,200.0,159.536496621207,159.86469839186492,214.87005341010595,213.98658812065537,153.10384678489302,154.17534154775274,2871.4480466916016,2864.6351035760385,hard+backoff
141.0,67.0,200.0,160.7283863847848,159.86898035095038,214.68092169422158,213.97697627317947,152.91316429419626,154.17197091497135,2868.5560508274157,2864.565336085723,hard+backoff
142.0,67.0,200.0,159.41413928478727,159.8725408787425,213.23373699077845,213.96834134569644,153.7182804747848,154.16907955704477,2866.67721881957,2864.500688637469,hard+backoff
143.0,67.0,200.0,158.91044265091918,159.8755015231358,214.1234121252389,213.9605840469228,153.84593877773173,154.16659932523018,2867.87728299924,2864.44078548563,hard+backoff
144.0,67.0,200.0,159.94713413532418,159.87796335344163,214.87716198987192,213.95361517725,153.90867344473034,154.16447176094715,2862.535611844362,2864.3852784594883,hard+backoff
145.0,67.0,200.0,159.11129833119952,159.88001041065272,215.44262934232253,213.94735460305606,154.59884521399775,154.16264671792018,2867.6152754687632,2864.3338449396065,hard+backoff
146.0,67.0,200.0,159.4084587859989,159.88171257640133,215.66033988906202,213.94173033526548,155.24157779538342,154.16108118024087,2863.2078523022647,2864.28618598269,hard+backoff
147.0,67.0,200.0,158.78752210370993,159.8831279585509,214.64833528367924,213.93667770156122,154.2523169430781,154.15973824849124,2865.068320015741,2864.2420245840617,hard+backoff
148.0,67.0,200.0,157.45817462197323,159.8843048748594,214.1271410588978,213.93213860273096,154.67567862300012,154.1585862700317,2868.752287388758,2864.201104067647,hard+backoff
149.0,67.0,200.0,158.24257702166614,159.88528350243192,213.6739153110561,213.9280608445959,154.12707314894664,154.15759809295446,2863.5442753904563,2864.1631865941144,hard+backoff
150.0,67.0,200.0,158.14178579997034,159.88609724927085,214.050576013527,213.92439753784058,154.78674837874308,154.15675042611846,2859.943803534963,2864.1280517785,hard+backoff
151.0,66.0,200.0,158.93716951936534,159.61789865021146,214.4642280150216,214.06346813734274,154.06621556632123,154.27776709460127,2868.9053240585245,2864.630461757051,hard+backoff
152.0,66.0,200.0,159.63556904426997,159.39488657870226,212.28568952318443,214.18840400890485,154.34366441116006,154.38157623857006,2868.8609828884605,2865.096001264693,hard+backoff
153.0,67.0,200.0,159.56683682909156,159.47832318107567,211.55990952945996,214.15828018632712,153.78149425169508,154.34888081489524,2878.875370481812,2864.992409774961,hard+backoff
154.0,67.0,200.0,160.55607715529095,159.54770225166084,211.46269257950615,214.13121806074483,154.4918043897139,154.32083439793522,2873.1757032560413,2864.896420576528,hard+backoff
155.0,67.0,200.0,159.20185809701107,159.60539222582491,211.79301061877615,214.1069064502531,154.52674686128634,154.29677593910873,2865.3498373910124,2864.807475758381,hard+backoff
156.0,67.0,200.0,159.62080682999002,159.65336250116852,210.9705777816228,214.0850658005634,154.57622014446292,154.27613838523044,2871.3382811020792,2864.725058353044,hard+backoff
157.0,67.0,200.0,159.0587536519263,159.69325066804473,211.73246647752887,214.06544497046536,155.1813963635837,154.25843531317787,2871.6984173179294,2864.648689331847,hard+backoff
158.0,67.0,200.0,159.43741582763954,159.72641841297315,211.94105985917113,214.0478183440048,154.9191195972044,154.24324946499317,2864.5931140595385,2864.577924820701,hard+backoff
159.0,67.0,200.0,159.72109186375735,159.75399800335774,212.6444536625892,214.03198323617158,156.8775615814638,154.23022291319452,2865.6461127772054,2864.5123535202015,hard+backoff
160.0,67.0,200.0,160.03312536082683,159.77693094038506,213.58863772946276,214.01775756226561,156.37367514401797,154.21904862449497,2865.563744974089,2864.4515943150636,hard+backoff
161.0,67.0,200.0,160.09932985012168,159.79600009962076,213.98672950158067,214.00497774414185,156.3148013637144,154.20946322308785,2872.126388062651,2864.395294058994,hard+backoff
162.0,67.0,200.0,160.7390435158533,159.81185645650706,213.36145620096926,213.99349682925825,156.1711439162425,154.20124078293028,2870.00512546668,2864.3431255221217,hard+backoff
163.0,67.0,200.0,161.11698746582707,159.82504130910584,213.76382576335277,213.9831828008982,156.5426374322318,154.19418750271035,2867.948680830306,2864.2947854890676,hard+backoff
164.0,67.0,200.0,160.17797746409298,159.83600475671858,214.1951428638078,213.97391706013707,156.47536491999438,154.188137137988,2863.2585858872017,2864.249992996585,hard+backoff
165.0,67.0,200.0,159.9883383565455,159.84512106519884,213.57954729050232,213.9655930620972,157.52827986787673,154.18294708284603,2863.777757777044,2864.208487700539,hard+backoff
166.0,67.0,200.0,160.93772556996666,159.85270144349252,213.53906133078414,213.95811509080988,155.27786644853097,154.17849500869627,2862.3205431726165,2864.1700283627256,hard+backoff
167.0,66.0,200.0,160.74632071420112,159.59012942303258,215.13821494795212,214.0937587370974,154.5404447615236,154.2964197854385,2863.5926601487267,2864.669357796515,hard+backoff
168.0,66.0,200.0,161.6579071316938,159.3717959551901,215.2975786132466,214.21561596092084,155.46201163953614,154.3975766779542,2861.2515241304977,2865.1320428320078,hard+backoff
169.0,66.0,200.0,162.10907802634017,159.19024765809195,216.41131888820428,214.32508797383383,155.71722449836477,154.48434993448362,2859.9907222786983,2865.56077269967,hard+backoff
170.0,66.0,200.0,159.42879400659407,159.03928690752568,215.96753110046922,214.42343357235646,155.6783637393971,154.55878478377036,2863.4180009998036,2865.9580392748258,hard+backoff
171.0,66.0,200.0,158.66723908372728,158.91376026488683,216.0724964959299,214.51178361262166,155.21589377015795,154.62263564070417,2871.64191658591,2866.326151560999,hard+backoff
172.0,66.0,200.0,160.3804487387024,158.809382551123,215.24998679090814,214.591154013861,154.52958354950366,154.67740745753792,2870.664235115709,2866.6672491103673,hard+backoff
173.0,66.0,200.0,159.25895123614336,158.72259056098025,215.0134331372122,214.66245744025426,155.1430637260821,154.72439119531893,2873.4929399438215,2866.9833144593254,hard+backoff
174.0,67.0,200.0,159.35972877780216,158.91929666824004,213.8493441803423,214.5841522169695,155.1435107261299,154.64295044716948,2871.543579372977,2866.7412183036636,hard+backoff
175.0,67.0,200.0,159.23332948146657,159.0828614169463,214.15099319623934,214.5138057069669,154.31163788543282,154.573089869651,2869.506138805242,2866.516888911493,hard+backoff
176.0,67.0,200.0,159.50536989798465,159.21886851602434,213.85572850630692,214.45060900996563,155.58463568110153,154.51316286256775,2864.7477820723875,2866.309022429458,hard+backoff
177.0,67.0,200.0,160.06970365793322,159.33196092221783,214.79736773740134,214.39383543993742,156.62452506657795,154.46175695804308,2867.804667412567,2866.116410690374,hard+backoff
178.0,67.0,200.0,160.2791729556228,159.42599933951615,214.83068380952437,214.3428321690911,155.7642553629183,154.41766052892675,2863.4515304899346,2865.937934191086,hard+backoff
179.0,66.0,200.0,160.98393025535816,159.23531876981198,213.4678573403276,214.43937429963867,156.1824473580672,154.50157803539892,2858.823264149289,2866.3075219334337,hard+backoff
180.0,66.0,200.0,159.41061164703675,159.07676436648765,212.89619309040515,214.52610417112552,156.95895989455124,154.5735631976091,2858.683785005054,2866.649986659352,hard+backoff
181.0,66.0,200.0,160.88391166746118,158.94492346181377,212.60233928848598,214.60401907279035,154.88935191580768,154.6353126918001,2861.3543225622498,2866.9673188515762,hard+backoff
182.0,65.0,200.0,160.06419887784116,158.56449266553201,212.92299966437312,214.81739701957173,154.2753537846882,154.81089845765428,2860.872739260089,2867.800164132472,hard+backoff
183.0,65.0,200.0,159.82858574132345,158.24815745631676,213.97326842609485,215.0090878575252,155.0319764912687,154.96151744489745,2859.7971410210284,2868.571889214702,hard+backoff
184.0,65.0,200.0,158.94384260490136,157.98511890747346,214.26202528865934,215.18129580079946,155.66448063264053,155.0907197137021,2864.283297421405,2869.286979539644,hard+backoff
185.0,65.0,200.0,159.52502378390653,157.76639751269343,214.60876092883822,215.3360010336805,154.0903336522137,155.2015505363614,2866.277151185322,2869.9495913746105,hard+backoff
186.0,66.0,200.0,158.2126739384119,157.8553293046238,214.32863484063176,215.33160039307612,154.71572673692904,155.1740056576238,2869.6776248377046,2870.0247747543926,hard+backoff
187.0,66.0,200.0,158.65365099205536,157.92927772646857,215.16710573791653,215.32764702067888,155.0064320716242,155.15037742261848,2865.333540114898,2870.0944406350495,hard+backoff
188.0,66.0,200.0,157.78983062169152,157.99076720030726,215.25545209520553,215.32409545745972,154.98090979497056,155.13010891845167,2867.703695617346,2870.158993930496,hard+backoff
189.0,66.0,200.0,158.3017134391483,158.04189682956286,215.68810545119203,215.320904864712,156.21670455591772,155.11272242043069,2861.58221055403,2870.2188098391393,hard+backoff
190.0,66.0,200.0,158.33391514367796,158.0844120573671,216.6990936746166,215.31803855445546,155.6369381768686,155.09780813218592,2864.4570058826816,2870.274236024621,hard+backoff
191.0,66.0,200.0,159.0499445043807,158.11976425181018,217.01266842302073,215.31546356756857,154.8308217388521,155.08501452685036,2865.2911247979914,2870.3255946365143,hard+backoff
192.0,66.0,200.0,159.93609074933858,158.14916025217258,215.7454900235853,215.3131502947983,154.03580355454415,155.07404006163983,2861.354494157871,2870.373184182731,hard+backoff
193.0,65.0,200.0,159.8744471558294,157.90280091011164,215.20248215546312,215.45445422354302,154.29164277262336,155.1872425866881,2870.945128311036,2870.956082480141,hard+backoff
194.0,66.0,200.0,158.281251799456,157.9687512401813,215.7595496384108,215.43801434805843,155.10519074719386,155.1617321747544,2867.652309774899,2870.9574022771703,hard+backoff
195.0,66.0,200.0,157.98604467825714,158.02359015349828,215.54456024650668,215.42324537331183,155.11890579846585,155.13984912295396,2871.340347990382,2870.9586252179665,hard+backoff
196.0,66.0,200.0,159.55348854712727,158.06918971927163,214.58693045771156,215.40997747385177,155.1585592229518,155.121077652021,2872.4121397832077,2870.959758410539,hard+backoff
197.0,66.0,200.0,158.9571950139944,158.10710659750552,215.0753855425982,215.3980580847877,153.87186359300298,155.10497532204437,2869.5340520853015,2870.9608084412607,hard+backoff
198.0,66.0,200.0,159.40317314626222,158.13863517964487,215.0420827668754,215.38735014747715,153.5910568885258,155.09116260424494,2868.099559716692,2870.9617814131484,hard+backoff
199.0,66.0,200.0,160.67941363989277,158.16485177600035,214.15739324092849,215.37773053351623,154.62392931508458,155.07931393555643,2872.807415172568,2870.962682981335,hard+backoff
